{
  "particles": {
    "number": {
      "value": 50,
      "density": {
        "enable": true,
        "value_area": 868.0641183723798
      }
    },
    "color": {
      "value": "#702cf9"
    },
    "shape": {
      "type": "circle",
      "stroke": {
        "width": 1,
        "color": "#702cf9"
      },
      "polygon": {
        "nb_sides": 5
      },
      "image": {
        "src": "img/github.svg",
        "width": 100,
        "height": 100
      }
    },
    "opacity": {
      "value": 0.5,
      "random": false,
      "anim": {
        "enable": false,
        "speed": 1,
        "opacity_min": 0.1,
        "sync": false
      }
    },
    "size": {
      "value": 5,
      "random": true,
      "anim": {
        "enable": false,
        "speed": 40,
        "size_min": 0.1,
        "sync": false
      }
    },
    "line_linked": {
      "enable": true,
      "distance": 150,
      "color": "#702cf9",
      "opacity": 0.4,
      "width": 1
    },
    "move": {
      "enable": true,
      "speed": 2,
      "direction": "none",
      "random": false,
      "straight": false,
      "out_mode": "bounce",
      "bounce": false,
      "attract": {
        "enable": true,
        "rotateX": 600,
        "rotateY": 1200
      }
    }
  },

  "retina_detect": true
}